ID,NAME,SURNAME,EMAIL,PASSWORD,ROLE,STATUS
0,Aidar,Shaifutdinov,aidar@gmail.com,$2a$10$grYFE1HKwcxurIKwiv6FWOILIRaolL72zYwq2WvORi4KU/XkmhOwK,ROLE_ADMIN,ACTIVE
1,Charles,Greene,cgreene0@jimdo.com,$2a$10$grYFE1HKwcxurIKwiv6FWOILIRaolL72zYwq2WvORi4KU/XkmhOwK,ROLE_USER,ACTIVE
2,William,Cruz,wcruz1@google.com.br,$2a$10$grYFE1HKwcxurIKwiv6FWOILIRaolL72zYwq2WvORi4KU/XkmhOwK,ROLE_USER,ACTIVE
3,Harry,Lawson,hlawson2@mit.edu,$2a$10$grYFE1HKwcxurIKwiv6FWOILIRaolL72zYwq2WvORi4KU/XkmhOwK,ROLE_USER,ACTIVE
4,Daniel,Myers,dmyers3@umn.edu,$2a$10$grYFE1HKwcxurIKwiv6FWOILIRaolL72zYwq2WvORi4KU/XkmhOwK,ROLE_USER,ACTIVE
5,Frances,Boyd,fboyd4@mozilla.com,$2a$10$grYFE1HKwcxurIKwiv6FWOILIRaolL72zYwq2WvORi4KU/XkmhOwK,ROLE_USER,ACTIVE
6,Jennifer,Willis,jwillis5@icq.com,$2a$10$grYFE1HKwcxurIKwiv6FWOILIRaolL72zYwq2WvORi4KU/XkmhOwK,ROLE_USER,ACTIVE
7,John,Harper,jharper6@dell.com,$2a$10$grYFE1HKwcxurIKwiv6FWOILIRaolL72zYwq2WvORi4KU/XkmhOwK,ROLE_USER,ACTIVE
8,Juan,Robinson,jrobinson7@answers.com,$2a$10$grYFE1HKwcxurIKwiv6FWOILIRaolL72zYwq2WvORi4KU/XkmhOwK,ROLE_ADMIN,ACTIVE
9,Sarah,Fuller,sfuller8@digg.com,$2a$10$grYFE1HKwcxurIKwiv6FWOILIRaolL72zYwq2WvORi4KU/XkmhOwK,ROLE_USER,ACTIVE
10,Susan,Hawkins,shawkins9@ameblo.jp,$2a$10$grYFE1HKwcxurIKwiv6FWOILIRaolL72zYwq2WvORi4KU/XkmhOwK,ROLE_USER,ACTIVE
11,Ronald,Alvarez,ralvareza@google.ru,$2a$10$grYFE1HKwcxurIKwiv6FWOILIRaolL72zYwq2WvORi4KU/XkmhOwK,ROLE_USER,ACTIVE
12,Diane,Bowman,dbowmanb@digg.com,$2a$10$grYFE1HKwcxurIKwiv6FWOILIRaolL72zYwq2WvORi4KU/XkmhOwK,ROLE_USER,ACTIVE
13,Brian,Gardner,bgardnerc@go.com,$2a$10$grYFE1HKwcxurIKwiv6FWOILIRaolL72zYwq2WvORi4KU/XkmhOwK,ROLE_USER,ACTIVE
14,Katherine,Castillo,kcastillod@abc.net.au,$2a$10$grYFE1HKwcxurIKwiv6FWOILIRaolL72zYwq2WvORi4KU/XkmhOwK,ROLE_USER,ACTIVE
15,Kathleen,Harris,kharrise@businessweek.com,$2a$10$grYFE1HKwcxurIKwiv6FWOILIRaolL72zYwq2WvORi4KU/XkmhOwK,ROLE_USER,ACTIVE
16,Robert,Cooper,rcooperf@scribd.com,$2a$10$grYFE1HKwcxurIKwiv6FWOILIRaolL72zYwq2WvORi4KU/XkmhOwK,ROLE_USER,ACTIVE
17,Nicholas,Rice,nriceg@elpais.com,$2a$10$grYFE1HKwcxurIKwiv6FWOILIRaolL72zYwq2WvORi4KU/XkmhOwK,ROLE_USER,ACTIVE
18,Alan,Foster,afosterh@creativecommons.org,$2a$10$grYFE1HKwcxurIKwiv6FWOILIRaolL72zYwq2WvORi4KU/XkmhOwK,ROLE_USER,ACTIVE
19,Doris,Clark,dclarki@zimbio.com,$2a$10$grYFE1HKwcxurIKwiv6FWOILIRaolL72zYwq2WvORi4KU/XkmhOwK,ROLE_ADMIN,ACTIVE
20,Jacqueline,Fuller,jfullerj@vkontakte.ru,$2a$10$grYFE1HKwcxurIKwiv6FWOILIRaolL72zYwq2WvORi4KU/XkmhOwK,ROLE_USER,ACTIVE
21,Thomas,Henry,thenryk@g.co,$2a$10$grYFE1HKwcxurIKwiv6FWOILIRaolL72zYwq2WvORi4KU/XkmhOwK,ROLE_USER,ACTIVE
22,Louise,Payne,lpaynel@ft.com,$2a$10$grYFE1HKwcxurIKwiv6FWOILIRaolL72zYwq2WvORi4KU/XkmhOwK,ROLE_USER,ACTIVE
23,Carlos,Adams,cadamsm@wikipedia.org,$2a$10$grYFE1HKwcxurIKwiv6FWOILIRaolL72zYwq2WvORi4KU/XkmhOwK,ROLE_USER,ACTIVE
24,Jonathan,Perkins,jperkinsn@fotki.com,$2a$10$grYFE1HKwcxurIKwiv6FWOILIRaolL72zYwq2WvORi4KU/XkmhOwK,ROLE_USER,ACTIVE
25,Howard,Nelson,hnelsono@statcounter.com,$2a$10$grYFE1HKwcxurIKwiv6FWOILIRaolL72zYwq2WvORi4KU/XkmhOwK,ROLE_USER,ACTIVE
26,Evelyn,Mitchell,emitchellp@wordpress.com,$2a$10$grYFE1HKwcxurIKwiv6FWOILIRaolL72zYwq2WvORi4KU/XkmhOwK,ROLE_USER,ACTIVE
27,John,Garza,jgarzaq@domainmarket.com,$2a$10$grYFE1HKwcxurIKwiv6FWOILIRaolL72zYwq2WvORi4KU/XkmhOwK,ROLE_ADMIN,ACTIVE
28,Anne,Alvarez,aalvarezr@altervista.org,$2a$10$grYFE1HKwcxurIKwiv6FWOILIRaolL72zYwq2WvORi4KU/XkmhOwK,ROLE_USER,ACTIVE
29,Harold,Mendoza,hmendozas@psu.edu,$2a$10$grYFE1HKwcxurIKwiv6FWOILIRaolL72zYwq2WvORi4KU/XkmhOwK,ROLE_USER,ACTIVE
30,Gloria,Hawkins,ghawkinst@nasa.gov,$2a$10$grYFE1HKwcxurIKwiv6FWOILIRaolL72zYwq2WvORi4KU/XkmhOwK,ROLE_USER,ACTIVE
31,Steven,Long,slongu@psu.edu,$2a$10$grYFE1HKwcxurIKwiv6FWOILIRaolL72zYwq2WvORi4KU/XkmhOwK,ROLE_USER,ACTIVE
32,Michelle,Henry,mhenryv@answers.com,$2a$10$grYFE1HKwcxurIKwiv6FWOILIRaolL72zYwq2WvORi4KU/XkmhOwK,ROLE_USER,ACTIVE
33,Daniel,Bell,dbellw@nba.com,$2a$10$grYFE1HKwcxurIKwiv6FWOILIRaolL72zYwq2WvORi4KU/XkmhOwK,ROLE_USER,ACTIVE
34,Randy,Miller,rmillerx@bbc.co.uk,$2a$10$grYFE1HKwcxurIKwiv6FWOILIRaolL72zYwq2WvORi4KU/XkmhOwK,ROLE_USER,ACTIVE
35,Jacqueline,Stephens,jstephensy@discuz.net,$2a$10$grYFE1HKwcxurIKwiv6FWOILIRaolL72zYwq2WvORi4KU/XkmhOwK,ROLE_USER,ACTIVE
36,Terry,Garcia,tgarciaz@adobe.com,$2a$10$grYFE1HKwcxurIKwiv6FWOILIRaolL72zYwq2WvORi4KU/XkmhOwK,ROLE_USER,ACTIVE
37,Diane,Ford,dford10@chicagotribune.com,$2a$10$grYFE1HKwcxurIKwiv6FWOILIRaolL72zYwq2WvORi4KU/XkmhOwK,ROLE_USER,ACTIVE
38,Dorothy,George,dgeorge11@facebook.com,$2a$10$grYFE1HKwcxurIKwiv6FWOILIRaolL72zYwq2WvORi4KU/XkmhOwK,ROLE_ADMIN,ACTIVE
39,Nicholas,Wagner,nwagner12@instagram.com,$2a$10$grYFE1HKwcxurIKwiv6FWOILIRaolL72zYwq2WvORi4KU/XkmhOwK,ROLE_USER,ACTIVE
40,Rebecca,Hicks,rhicks13@ycombinator.com,$2a$10$grYFE1HKwcxurIKwiv6FWOILIRaolL72zYwq2WvORi4KU/XkmhOwK,ROLE_USER,ACTIVE
41,Chris,Hayes,chayes14@facebook.com,$2a$10$grYFE1HKwcxurIKwiv6FWOILIRaolL72zYwq2WvORi4KU/XkmhOwK,ROLE_USER,ACTIVE
42,Henry,Parker,hparker15@de.vu,$2a$10$grYFE1HKwcxurIKwiv6FWOILIRaolL72zYwq2WvORi4KU/XkmhOwK,ROLE_USER,ACTIVE
43,Jerry,Schmidt,jschmidt16@google.fr,$2a$10$grYFE1HKwcxurIKwiv6FWOILIRaolL72zYwq2WvORi4KU/XkmhOwK,ROLE_USER,ACTIVE
44,Eric,Owens,eowens17@livejournal.com,$2a$10$grYFE1HKwcxurIKwiv6FWOILIRaolL72zYwq2WvORi4KU/XkmhOwK,ROLE_USER,ACTIVE
45,Thomas,Stewart,tstewart18@addtoany.com,$2a$10$grYFE1HKwcxurIKwiv6FWOILIRaolL72zYwq2WvORi4KU/XkmhOwK,ROLE_USER,ACTIVE
46,Gary,Rivera,grivera19@vimeo.com,$2a$10$grYFE1HKwcxurIKwiv6FWOILIRaolL72zYwq2WvORi4KU/XkmhOwK,ROLE_USER,ACTIVE
47,Henry,Morales,hmorales1a@bbc.co.uk,$2a$10$grYFE1HKwcxurIKwiv6FWOILIRaolL72zYwq2WvORi4KU/XkmhOwK,ROLE_USER,ACTIVE
48,Jack,Patterson,jpatterson1b@msu.edu,$2a$10$grYFE1HKwcxurIKwiv6FWOILIRaolL72zYwq2WvORi4KU/XkmhOwK,ROLE_USER,ACTIVE
49,Frank,Rice,frice1c@devhub.com,$2a$10$grYFE1HKwcxurIKwiv6FWOILIRaolL72zYwq2WvORi4KU/XkmhOwK,ROLE_USER,ACTIVE
50,Marie,Taylor,mtaylor1d@columbia.edu,$2a$10$grYFE1HKwcxurIKwiv6FWOILIRaolL72zYwq2WvORi4KU/XkmhOwK,ROLE_USER,ACTIVE
51,Kobe,Bryant,kobe@gmail.com,$2a$10$grYFE1HKwcxurIKwiv6FWOILIRaolL72zYwq2WvORi4KU/XkmhOwK,ROLE_USER,ACTIVE